<?xml version="1.0" encoding="UTF-8"?>

<beans xmlns="http://www.springframework.org/schema/beans"
	xmlns:xsi="http://www.w3.org/2001/XMLSchema-instance"
	xmlns:context="http://www.springframework.org/schema/context"
	xmlns:tx="http://www.springframework.org/schema/tx"
	xmlns:mvc="http://www.springframework.org/schema/mvc"
	xsi:schemaLocation="http://www.springframework.org/schema/beans 
	http://www.springframework.org/schema/beans/spring-beans-3.0.xsd
    http://www.springframework.org/schema/context
    http://www.springframework.org/schema/context/spring-context-3.0.xsd
    http://www.springframework.org/schema/tx 
    http://www.springframework.org/schema/tx/spring-tx-3.2.xsd
    http://www.springframework.org/schema/mvc 
    http://www.springframework.org/schema/mvc/spring-mvc-3.2.xsd">

<bean id="dataSource"
	class="org.springframework.jdbc.datasource.DriverManagerDataSource">
	<property name="driverClassName"
		value="oracle.jdbc.driver.OracleDriver"/>
		<property name="url" 
			value="jdbc:oracle:thin:@localhost:1521:XE"/>
		<property name="username" value="system"/>
		<property name="password" value="meghna"/>
</bean>

<bean id="entityManagerFactoryBean"
	class="org.springframework.orm.jpa.LocalContainerEntityManagerFactoryBean">
	<property name="dataSource"
		ref="dataSource"/>
		<property name="packagesToScan" 
			value="com.cg.springplp.model"/>
		<property name="persistenceProvider">
			<bean class="org.hibernate.jpa.HibernatePersistenceProvider"/>
		</property>
		
		<property name="jpaProperties">
			<props>
				<prop key="hibernate.hbm2ddl.auto">update</prop>
				<prop key="hibernate.dialect">org.hibernate.dialect.OracleDialect</prop>
			</props>
		</property>	
		
</bean>

<bean id="transactionManager"
	class="org.springframework.orm.jpa.JpaTransactionManager">
		<property name="entityManagerFactory" 
			ref="entityManagerFactoryBean"/>
	
</bean>
<tx:annotation-driven />
</beans>
